[
    {"courseId":101, "courseName":"spring boot","coursePrice":15000,"courseDescrption":"spring boot training for 20 days","courseImg":"assets/images/springboot.jpg"},
    {"courseId":102, "courseName":"spring framework","coursePrice":5000,"courseDescrption":"spring framework training for 30 days","courseImg":"assets/images/spring.png"},
    {"courseId":103, "courseName":"micro services","coursePrice":3000,"courseDescrption":"micorservices training for 50 days","courseImg":"assets/images/micro.png"}
]